Employee_id,Preferred_Name,Work_Email,Is_Currently_Active,Business_Title,Job_Family_Group,Job_Family,Manager_ID,Hire_Date,Termination_Date,location_ref_id
30274,Al Hand,al.hand@monks.test,0,,,,,09-04-2023,09-12-2023,
99999101,Sister Kreiger,sister.kreiger@monks.test,1,International Media Specialist,,,null,02-08-2022,,LOC_Sao Carlos
99999103,Sincere Miller,sincere.miller@monks.test,1,International Media Analyst,,,null,04-12-2022,,LOC_Sao Carlos
99999102,Skyla Bernhard,skyla.bernhard@monks.test,1,International Media Specialist,,,null,5/17/2022,,LOC_Sao Carlos
11714,Colton Wisozk,colton.wisozk@monks.test,0,Account Manager II,,,11004,10/30/2017,2/16/2018,
11706,Cielo Padberg,cielo.padberg@monks.test,0,Senior PPC Manager,,,11004,5/15/2017,10/18/2017,
11707,Cierra Wisoky,cierra.wisoky@monks.test,0,Account Manager III,,,11004,5/17/2017,8/22/2017,
11195,Ricardo Parker,ricardo.parker@monks.test,0,Account Manager,,,11092,11/29/2018,02-11-2019,LOC_Toronto
11709,Christy Gleichner,christy.gleichner@monks.test,0,Business Manager,,,11092,6/19/2017,01-03-2020,
11192,Milton Hoppe,milton.hoppe@monks.test,0,"Technical Solutions Engineer, Media",,,11092,11/13/2018,12/30/2020,LOC_San Francisco
11013,Monica Rohan,monica.rohan@monks.test,0,Director of Sales,,,11092,8/17/2015,8/18/2019,LOC_New York
11164,Myrna Bednar,myrna.bednar@monks.test,0,Associate Account Manager,,,11092,09-10-2018,06-07-2019,LOC_San Francisco
11440,Misty Heaney,misty.heaney@monks.test,0,Senior Account Manager,,,11092,02-03-2020,6/22/2020,LOC_San Francisco
11128,Nakia Waters,nakia.waters@monks.test,0,Analytics Specialist,,,11092,07-09-2018,09-04-2020,LOC_New York
11014,Mollie Blick,mollie.blick@monks.test,0,Senior Director of Sales,,,11092,01-04-2016,06-06-2019,LOC_US Remote
11160,Nash McClure,nash.mcclure@monks.test,0,Account Manager,,,11092,09-10-2018,8/16/2019,LOC_San Francisco
11696,Asia Wunsch,asia.wunsch@monks.test,0,Analyst,,,11092,9/30/2020,12-04-2020,LOC_Melbourne 1
11172,Gino Johns,gino.johns@monks.test,0,Technical Solutions Engineer,,,11092,10-01-2018,2/14/2020,LOC_Tokyo
11730,Christiana Beatty,christiana.beatty@monks.test,0,Advertising Manager,,,11092,01-02-2019,01-03-2020,
11507,Mia Doyle,mia.doyle@monks.test,0,Analytics Consultant,,,11092,5/26/2020,12/31/2020,LOC_Buenos Aires
11321,King Denesik,king.denesik@monks.test,0,Account Manager,,,11092,4/26/2019,09-04-2019,LOC_São Paulo
11152,Naomi Bednar,naomi.bednar@monks.test,0,Account Manager,,,11092,09-10-2018,01-08-2021,LOC_New York
11396,Yvonne Bradtke,yvonne.bradtke@monks.test,0,Analytics Lead,,,11092,10/28/2019,5/22/2020,LOC_Seoul
11703,Chauncey Tremblay,chauncey.tremblay@monks.test,0,Director of Business Intelligence,,,11092,02-06-2017,01-02-2019,
11322,Kristian Lang,kristian.lang@monks.test,0,Account Manager,,,11092,4/26/2019,04-09-2020,LOC_São Paulo
11571,Loraine Aufderhar,loraine.aufderhar@monks.test,0,Associate Account Manager,,,11092,9/21/2020,11-06-2020,LOC_Shanghai
11085,Myrtis Terry,myrtis.terry@monks.test,0,Senior Account Manager,,,11092,01-10-2018,07-03-2019,LOC_San Francisco
11140,Thomas Nader,thomas.nader@monks.test,0,Corporate Operations Manager (EMEA),,,11092,10/28/2019,12/31/2020,LOC_London
11197,Dee Fay,dee.fay@monks.test,0,Account Manager,,,11092,11/19/2018,10/31/2019,LOC_Jakarta
11163,Napoleon Orn,napoleon.orn@monks.test,0,Account Manager,,,11092,09-10-2018,5/20/2020,LOC_San Francisco
11080,Tianna Terry,tianna.terry@monks.test,0,"Managing Director of Sales, EMEA",,,11092,11/16/2017,4/24/2019,LOC_London
11708,Christopher Thiel,christopher.thiel@monks.test,0,Senior Advertising Manager,,,11092,5/22/2017,5/22/2020,
11282,Gina Kulas,gina.kulas@monks.test,0,Digital Analytics Specialist,,,11092,02-01-2019,1/29/2021,LOC_Tokyo
11620,Clarabelle Barton,clarabelle.barton@monks.test,0,Account Manager II,,,11092,8/31/2020,12-11-2020,
11722,Mina Hackett,mina.hackett@monks.test,0,Assistant Account Manager,,,11092,3/28/2018,10-01-2019,LOC_US Remote
11203,River Anderson,river.anderson@monks.test,0,Team Lead,,,11092,11/19/2018,11-05-2019,LOC_Toronto
11064,Morris Welch,morris.welch@monks.test,0,Project Lead,,,11092,7/31/2017,01-10-2020,LOC_San Francisco
11829,Mozelle Veum,mozelle.veum@monks.test,0,"Account Manager, Social",,,11092,12-07-2020,12/17/2020,LOC_New York
11725,Cindy Stoltenberg,cindy.stoltenberg@monks.test,0,Quality Assurance Manager,,,11092,4/16/2018,8/15/2018,
11146,Minnie Moore,minnie.moore@monks.test,0,Data Scientist,,,11092,8/20/2018,07-01-2020,LOC_San Francisco
11008,Mikel Herzog,mikel.herzog@monks.test,0,Software Engineer,,,11092,04-06-2015,05-03-2019,LOC_San Francisco
11187,Murphy Morar,murphy.morar@monks.test,0,Senior Account Manager,,,11092,12-03-2018,3/20/2020,LOC_New York
11220,Gilda Beer,gilda.beer@monks.test,0,Senior Account Manager,,,11092,1/14/2019,1/30/2020,LOC_Tokyo
11423,Richard Zulauf,richard.zulauf@monks.test,0,"Director, Account Operations",,,11092,12-09-2019,1/22/2020,LOC_Toronto
11049,Myrtie Ebert,myrtie.ebert@monks.test,0,"Head of Customer Experience, US",,,11092,04-04-2017,01-05-2021,LOC_San Francisco
11387,Zachariah Metz,zachariah.metz@monks.test,0,"Senior Vice President Sales, Seoul",,,11092,10/28/2019,2/14/2020,LOC_Seoul
11402,Zachary Crooks,zachary.crooks@monks.test,0,Senior Analytics Specialist,,,11092,10/28/2019,3/13/2020,LOC_Seoul
11250,Darby Jenkins,darby.jenkins@monks.test,0,Director of Sales,,,11092,04-01-2019,11/30/2020,LOC_Milan
11243,Theron Sipes,theron.sipes@monks.test,0,Office Coordinator,,,11092,02-04-2019,05-10-2019,LOC_London
11719,Connie Morissette,connie.morissette@monks.test,0,Office Manager,,,11092,2/14/2018,3/19/2018,
11716,Christiana Hoeger,christiana.hoeger@monks.test,0,Business Manager,,,11092,12/13/2017,05-01-2020,
11173,Myah D'Amore,myah.d'amore@monks.test,0,Client Solutions Director,,,11092,10-08-2018,08-08-2019,LOC_US Remote
11724,Chloe Smitham,chloe.smitham@monks.test,0,Account Manager II,,,11092,04-02-2018,3/29/2019,
11663,Sage Feest,sage.feest@monks.test,0,L2 Consultant,,,11092,8/27/2020,11-06-2020,LOC_London
11317,Kirstin Ziemann,kirstin.ziemann@monks.test,0,Head of Accounts,,,11092,4/26/2019,7/26/2019,LOC_São Paulo
11352,Misael Lakin,misael.lakin@monks.test,0,Digital Analytics Specialist,,,11092,7/29/2019,03-06-2020,LOC_San Francisco
11218,Minnie Kutch,minnie.kutch@monks.test,0,"Regional Vice President, Sales (Central)",,,11092,1/14/2019,1/29/2019,LOC_US Remote
11533,May O'Kon,may.o'kon@monks.test,0,Analytics Consultant,,,11092,5/26/2020,10/22/2020,LOC_Buenos Aires
11523,Maya Haag,maya.haag@monks.test,0,Analytics Consultant,,,11092,5/26/2020,9/15/2020,LOC_Buenos Aires
11225,Newton Kuhlman,newton.kuhlman@monks.test,0,Solutions Lead,,,11092,1/14/2019,05-01-2020,LOC_Sydney
11087,Moriah White,moriah.white@monks.test,0,Project Lead,,,11092,1/24/2018,04-03-2020,LOC_New York
11214,Moises Block,moises.block@monks.test,0,Team Lead,,,11092,1/22/2019,4/24/2020,LOC_New York
11476,Naomi Jacobs,naomi.jacobs@monks.test,0,Senior Account Manager,,,11092,4/13/2020,11/13/2020,LOC_Chicago
11269,Richard Schumm,richard.schumm@monks.test,0,Senior Account Manager,,,11092,04-01-2019,7/30/2019,LOC_Toronto
11097,Mona Wuckert,mona.wuckert@monks.test,0,Account Manager,,,11092,3/27/2018,4/17/2020,LOC_San Francisco
11338,Shaniya Paucek,shaniya.paucek@monks.test,0,Account Manager,,,11092,5/20/2019,1/31/2020,LOC_Mumbai
11301,Gia Nienow,gia.nienow@monks.test,0,Associate Account Manager,,,11092,7/15/2019,9/30/2020,LOC_Tokyo
11654,Sadye Moen,sadye.moen@monks.test,0,R&D,,,11092,8/27/2020,10/31/2020,LOC_London
11294,Quentin Mayert,quentin.mayert@monks.test,0,Sales Director,,,11092,05-06-2019,4/14/2020,LOC_Singapore
11796,Mossie Nader,mossie.nader@monks.test,0,Account Manager II,,,11092,9/30/2019,10-07-2019,LOC_Seattle
11194,Tiana Conroy,tiana.conroy@monks.test,0,Financial Controller,,,11092,1/21/2019,2/28/2020,LOC_London
11238,Bo Hahn,bo.hahn@monks.test,0,Account Manager,,,11092,02-04-2019,3/20/2020,LOC_Jakarta
11016,Milford Wolf,milford.wolf@monks.test,0,Head of Media Activation,,,11092,02-01-2016,07-01-2020,LOC_New York
11581,Christina Friesen,christina.friesen@monks.test,0,Account Manager II,,,11092,05-12-2014,8/31/2019,
11720,Cicero Hodkiewicz,cicero.hodkiewicz@monks.test,0,Account Manager II,,,11092,3/15/2018,6/13/2019,
11191,Myrna Hansen,myrna.hansen@monks.test,0,Senior Account Manager,,,11092,11/13/2018,5/20/2019,LOC_San Francisco
11221,Mohamed Dach,mohamed.dach@monks.test,0,Digital Analytics Specialist,,,11092,01-07-2019,11/20/2019,LOC_San Francisco
11705,Cleveland Dibbert,cleveland.dibbert@monks.test,0,Human Resources Manager,,,11092,04-12-2017,6/29/2018,
11125,Naomi Erdman,naomi.erdman@monks.test,0,Account Manager,,,11092,07-09-2018,7/26/2019,LOC_New York
11212,Modesta Hand,modesta.hand@monks.test,0,Project Lead,,,11092,1/15/2019,11-10-2020,LOC_New York
11896,Nannie Haley,nannie.haley@monks.test,0,Account Manager,,,11092,02-01-2016,7/27/2018,LOC_San Francisco
11151,Myrl Mueller,myrl.mueller@monks.test,0,"President, Americas",,,11092,09-04-2018,4/15/2020,LOC_New York
11729,Collin Erdman,collin.erdman@monks.test,0,Business Manager,,,11092,12/17/2018,5/31/2019,
11395,Yoshiko Rempel,yoshiko.rempel@monks.test,0,Senior Analytics Specialist,,,11092,10/28/2019,9/25/2020,LOC_Seoul
11348,Kristina Kemmer,kristina.kemmer@monks.test,0,Intern,,,11092,6/17/2019,10-03-2019,LOC_São Paulo
11732,Clotilde Tremblay,clotilde.tremblay@monks.test,0,Content Marketing Coordinator,,,11092,12-02-2019,9/18/2020,
11345,Korbin Kshlerin,korbin.kshlerin@monks.test,0,Intern,,,11092,6/17/2019,7/26/2019,LOC_São Paulo
11713,Coleman Cronin,coleman.cronin@monks.test,0,Business Intelligence Manager,,,11092,10-09-2017,01-02-2019,
11183,Milton Toy,milton.toy@monks.test,0,"Vice President, Account Operations",,,11092,12-03-2018,4/15/2020,LOC_San Francisco
11249,Mikayla Veum,mikayla.veum@monks.test,0,Senior Sales Director,,,11092,03-04-2019,11-12-2019,LOC_New York
11349,Tiffany Huel,tiffany.huel@monks.test,0,Head of EMEA Sales,,,11092,8/19/2019,09-11-2020,LOC_London
11229,Murphy Stamm,murphy.stamm@monks.test,0,Senior Account Manager,,,11092,1/22/2019,1/31/2020,LOC_New York
11728,Chauncey Kshlerin,chauncey.kshlerin@monks.test,0,Senior Director of Digital Advertising,,,11092,07-05-2018,01-03-2020,
11365,Newton Reinger,newton.reinger@monks.test,0,Financial Accountant,,,11092,10-07-2019,3/31/2020,LOC_Sydney
11190,Ricky Tremblay,ricky.tremblay@monks.test,0,Account Manager,,,11092,11/26/2018,10/25/2019,LOC_Toronto
11209,Mina Ziemann,mina.ziemann@monks.test,0,Account Manager,,,11092,12-12-2018,05-01-2020,LOC_New York
11283,Fred Ferry,fred.ferry@monks.test,0,Senior Account Manager,,,11092,5/20/2019,2/28/2020,LOC_Stockholm
11130,Mina Watsica,mina.watsica@monks.test,0,Senior Account Manager,,,11092,07-09-2018,01-10-2020,LOC_US Remote
11333,Kris Bednar,kris.bednar@monks.test,0,Buy-Side Intern,,,11092,4/26/2019,06-07-2019,LOC_São Paulo
11298,Mozell Emard,mozell.emard@monks.test,0,Customer Experience Program Manager,,,11092,4/22/2019,10/30/2020,LOC_San Francisco
11217,Neva Yundt,neva.yundt@monks.test,0,Recruiting Coordinator,,,11092,01-07-2019,8/16/2019,LOC_Sydney
11175,Misty Wehner,misty.wehner@monks.test,0,Office Coordinator,,,11092,2/21/2014,11/15/2018,LOC_San Francisco
11726,Cheyenne Schulist,cheyenne.schulist@monks.test,0,Office Manager,,,11092,5/23/2018,7/13/2018,
11274,Mozelle Kihn,mozelle.kihn@monks.test,0,Senior Account Manager,,,11092,04-08-2019,7/19/2019,LOC_New York
11377,Tia Shanahan,tia.shanahan@monks.test,0,Project Lead,,,11092,10/28/2019,05-01-2020,LOC_Windsor
11233,Monica Hoppe,monica.hoppe@monks.test,0,Team Lead,,,11092,02-11-2019,12-11-2020,LOC_New York
11531,Maye Bins,maye.bins@monks.test,0,Analytics Consultant,,,11092,5/26/2020,8/31/2020,LOC_Buenos Aires
11362,Kristin Streich,kristin.streich@monks.test,0,Intern,,,11092,09-02-2019,9/25/2020,LOC_São Paulo
11597,Christophe O'Hara,christophe.o'hara@monks.test,0,Executive Assistant,,,11092,8/31/2020,10/31/2020,
11704,Claudie McDermott,claudie.mcdermott@monks.test,0,Account Manager III,,,11092,2/24/2017,8/16/2019,
11347,Kim O'Conner,kim.o'conner@monks.test,0,Associate FP&A Analyst,,,11092,6/17/2019,12/18/2020,LOC_São Paulo
11684,Asia Hamill,asia.hamill@monks.test,0,Analyst,,,11092,9/30/2020,11/13/2020,LOC_Melbourne 1
11721,Concepcion O'Hara,concepcion.o'hara@monks.test,0,Business Manager,,,11092,3/19/2018,11/30/2018,
11059,Milton Stamm,milton.stamm@monks.test,0,Head of Analytics & Attribution,,,11092,07-05-2017,02-06-2019,LOC_San Francisco
11272,Newton Wiegand,newton.wiegand@monks.test,0,Business Operations Specialist,,,11092,3/18/2019,6/30/2020,LOC_Sydney
11206,Quincy Kuhlman,quincy.kuhlman@monks.test,0,Account Manager,,,11092,12-10-2018,8/16/2019,LOC_Singapore
11170,Myrl Monahan,myrl.monahan@monks.test,0,Senior Accounting Analyst,,,11092,9/19/2018,10/18/2019,LOC_San Francisco
11077,Nadia Walter,nadia.walter@monks.test,0,Assistant Controller,,,11092,10-09-2017,12-02-2018,LOC_San Francisco
11297,Monte Brekke,monte.brekke@monks.test,0,Account Manager,,,11092,02-12-2019,5/20/2020,LOC_San Francisco
11685,Asia Harber,asia.harber@monks.test,0,Analyst,,,11092,9/30/2020,11/20/2020,LOC_Melbourne 1
11702,Christine Hackett,christine.hackett@monks.test,0,Business Manager,,,11092,1/30/2017,9/24/2018,
11711,Clementine Kirlin,clementine.kirlin@monks.test,0,Account Manager II,,,11092,10-02-2017,05-04-2018,
11281,Ricardo Corwin,ricardo.corwin@monks.test,0,Market Lead,,,11092,3/25/2019,11/13/2019,LOC_Toronto
11177,Theo Bernier,theo.bernier@monks.test,0,Senior Digital Analytics Architect,,,11092,10/17/2018,10/22/2020,LOC_London
11463,Kristian Feeney,kristian.feeney@monks.test,0,Intern,,,11092,02-03-2020,2/18/2020,LOC_São Paulo
11612,Clifford Predovic,clifford.predovic@monks.test,0,Staff Accountant - Part Time,,,11092,8/31/2020,01-07-2021,
11718,Clarissa Medhurst,clarissa.medhurst@monks.test,0,Advertising Manager,,,11092,1/22/2018,10/25/2019,
11895,Mitchel Bins,mitchel.bins@monks.test,0,Chief Revenue Officer,,,11092,3/20/2017,04-03-2018,LOC_San Francisco
11026,Morgan Pagac,morgan.pagac@monks.test,0,Project Lead,,,11092,07-05-2016,12-07-2018,LOC_San Francisco
11273,Minnie Fahey,minnie.fahey@monks.test,0,Project Lead,,,11092,4/15/2019,08-02-2019,LOC_New York
11112,Mireya Klein,mireya.klein@monks.test,0,"Project Manager, Data",,,11092,5/14/2018,12/31/2020,LOC_San Francisco
11405,Yazmin Osinski,yazmin.osinski@monks.test,0,Analytics Specialist,,,11092,10/28/2019,11-06-2020,LOC_Seoul
11897,Moriah Doyle,moriah.doyle@monks.test,0,Account Manager,,,11092,9/19/2015,07-02-2018,LOC_San Francisco
11158,Miller Kuhic,miller.kuhic@monks.test,0,Account Manager,,,11092,09-10-2018,2/14/2020,LOC_New York
11609,Christ Hodkiewicz,christ.hodkiewicz@monks.test,0,Account Manager II,,,11092,8/31/2020,10-01-2020,
11157,Mollie Haley,mollie.haley@monks.test,0,Project Lead,,,11092,09-10-2018,02-01-2019,LOC_New York
11710,Christy Hilll,christy.hilll@monks.test,0,Controller,,,11092,7/17/2017,04-03-2020,
11121,Misael Robel,misael.robel@monks.test,0,Office Coordinator,,,11092,6/25/2018,6/21/2019,LOC_San Francisco
11239,Myrtle Block,myrtle.block@monks.test,0,Senior Account Manager,,,11092,02-11-2019,08-03-2020,LOC_San Francisco
11399,Zachariah Beer,zachariah.beer@monks.test,0,Senior Technical Solutions Engineer,,,11092,10/28/2019,5/29/2020,LOC_Seoul
11043,Miller Kulas,miller.kulas@monks.test,0,Team Lead,,,11092,1/17/2017,06-01-2020,LOC_San Francisco
11727,Clement Strosin,clement.strosin@monks.test,0,Advertising Manager,,,11092,6/25/2018,10/22/2018,
11285,Richmond Hintz,richmond.hintz@monks.test,0,Team Lead,,,11092,4/15/2019,06-08-2020,LOC_Toronto
11327,Kirstin Steuber,kirstin.steuber@monks.test,0,Associate Account Manager,,,11092,4/26/2019,9/19/2019,LOC_São Paulo
11385,Yvonne Kerluke,yvonne.kerluke@monks.test,0,Technical Solutions Engineer,,,11092,10/28/2019,7/31/2020,LOC_Seoul
11237,Newton Osinski,newton.osinski@monks.test,0,Group Operations Lead - Enterprise Data Solutions,,,11092,02-01-2019,08-12-2020,LOC_Sydney
11241,Myra Nicolas,myra.nicolas@monks.test,0,Project Lead,,,11092,02-11-2019,1/22/2021,LOC_New York
11289,Moses Ernser,moses.ernser@monks.test,0,Project Lead,,,11092,4/29/2019,01-08-2021,LOC_New York
11717,Cheyenne McKenzie,cheyenne.mckenzie@monks.test,0,Account Manager I,,,11092,1/15/2018,10/22/2018,
11388,Zachariah Koss,zachariah.koss@monks.test,0,Senior Analytics Specialist,,,11092,10/28/2019,10/15/2020,LOC_Seoul
11106,Theo Wuckert,theo.wuckert@monks.test,0,"Senior Sales Manager, EMEA",,,11092,05-02-2018,12/25/2020,LOC_London
11215,Montana Bins,montana.bins@monks.test,0,Project Lead,,,11092,01-10-2019,06-01-2019,LOC_New York
11404,Yolanda Durgan,yolanda.durgan@monks.test,0,Senior Technical Solutions Engineer,,,11092,10/28/2019,7/23/2020,LOC_Seoul
11137,Quentin Durgan,quentin.durgan@monks.test,0,Associate Account Manager,,,11092,10-01-2018,11/22/2018,LOC_Singapore
11723,Cheyanne MacGyver,cheyanne.macgyver@monks.test,0,Account Manager III,,,11092,04-02-2018,9/26/2018,
11411,Theresa Kihn,theresa.kihn@monks.test,0,Associate Account Manager,,,11092,10/28/2019,7/24/2020,LOC_Windsor
11712,Cheyanne Bernhard,cheyanne.bernhard@monks.test,0,Senior Business Intelligence Manager,,,11092,10-04-2017,09-01-2018,
11029,Moises Pagac,moises.pagac@monks.test,0,Senior Director of Sales,,,11092,8/15/2016,1/31/2020,LOC_San Francisco
11701,Christa Bechtelar,christa.bechtelar@monks.test,0,Business Development Manager,,,11092,09-01-2016,12/13/2018,
11715,Chelsie Schroeder,chelsie.schroeder@monks.test,0,Assistant Account Manager,,,11092,11/27/2017,3/28/2018,
11330,Kitty Willms,kitty.willms@monks.test,0,Associate Account Manager,,,11092,4/26/2019,2/21/2020,LOC_São Paulo
17488,Dagmar Carter,dagmar.carter@monks.test,0,Global Head of Recruitment,,,12145,10/16/2018,5/31/2021,LOC_Buenos Aires
18757,Else Kilback,else.kilback@monks.test,0,Digital Business Analyst,,,14072,11-02-2020,5/28/2021,LOC_New York
18857,Kody Schumm,kody.schumm@monks.test,0,Privacy Officer,,,17025,11/15/2020,7/31/2021,LOC_Hilversum
18372,Kody Carter,kody.carter@monks.test,0,Project Manager,,,17027,9/14/2020,5/31/2021,LOC_Hilversum
18984,Kip Gleason,kip.gleason@monks.test,0,Junior Android Developer,,,17043,1/15/2021,7/31/2021,LOC_Hilversum
18238,Elmore Lynch,elmore.lynch@monks.test,0,Program Director,,,17063,06-11-2018,5/31/2020,LOC_Los Angeles - Abbot Kinney
18744,Eloy Padberg,eloy.padberg@monks.test,0,Payroll Specialist,,,17063,11-11-2020,1/29/2021,LOC_San Francisco
18241,Elsa Ullrich,elsa.ullrich@monks.test,0,QA Specialist,,,17079,07-02-2018,2/14/2020,LOC_Los Angeles - Abbot Kinney
18388,Sage Hahn,sage.hahn@monks.test,0,Strategy Director,,,17080,9/15/2020,9/15/2020,LOC_London
18890,Sadye Cormier,sadye.cormier@monks.test,0,Lead UX Design,,,17080,1/25/2021,04-09-2021,LOC_London
19382,Beth Breitenberg,beth.breitenberg@monks.test,0,Senior Film Producer,,,17092,9/16/2020,01-10-2021,LOC_Singapore
19098,Amari DuBuque,amari.dubuque@monks.test,0,Senior Vice President,,,17106,11/19/2020,7/19/2021,LOC_Dubai
18675,Elmo Reinger,elmo.reinger@monks.test,0,Production Designer,,,17162,3/30/2020,3/31/2021,LOC_Los Angeles - Abbot Kinney
19171,Mohammad Schiller,mohammad.schiller@monks.test,0,Gerente de Projetos Pleno III,,,17203,09-11-2020,7/23/2021,LOC_São Paulo
18935,Daija Schultz,daija.schultz@monks.test,0,Post Producer,,,17215,11/16/2020,1/19/2021,LOC_Buenos Aires
18539,Daisha Dietrich,daisha.dietrich@monks.test,0,Lead Animator,,,17231,10-05-2020,1/30/2021,LOC_Buenos Aires
18340,Elnora Lynch,elnora.lynch@monks.test,0,Financial Project Controller,,,17265,2/17/2020,7/15/2020,LOC_Los Angeles - Abbot Kinney
18307,Eloy Waelchi,eloy.waelchi@monks.test,0,Junior Financial Administrator,,,17265,11-11-2019,3/16/2020,LOC_Los Angeles - Abbot Kinney
18650,Elsa Goodwin,elsa.goodwin@monks.test,0,Visual Designer,,,17292,3/23/2020,2/28/2021,LOC_New York
17321,Daija Cummerata,daija.cummerata@monks.test,0,Developer,,,17349,12-11-2017,10/21/2021,LOC_Buenos Aires
17962,Korey O'Kon,korey.o'kon@monks.test,0,Frontend Developer,,,17392,2/17/2020,10/31/2021,LOC_Hilversum
17423,Kirk Parker,kirk.parker@monks.test,0,Salesforce Marketing Specialist,,,17421,09-01-2018,2/28/2021,LOC_Hilversum
18655,Elna Dickens,elna.dickens@monks.test,0,Sr. Talent Acquisition Manager,,,17488,8/24/2020,5/21/2021,LOC_New York
18468,Kirk Carter,kirk.carter@monks.test,0,Executive Producer Studios & Content,,,17583,10-01-2020,1/31/2021,LOC_Amsterdam
18665,Elnora Kozey,elnora.kozey@monks.test,0,Sr Film Producer,,,17612,9/21/2020,7/30/2021,LOC_Los Angeles - Abbot Kinney
17896,Kory Parker,kory.parker@monks.test,0,Lead Studio Crew,,,17807,01-01-2020,4/30/2021,LOC_Amsterdam
20148,Nicolas Corkery,nicolas.corkery@monks.test,0,Sr. AEM Developer,,,17808,01-02-2021,5/31/2021,LOC_Noida
18378,Kole Heller,kole.heller@monks.test,0,Finance Director,,,17906,08-12-2019,6/30/2021,LOC_Hilversum
18503,Kip Witting,kip.witting@monks.test,0,Talent Acquisition Manager,,,17922,11-02-2020,4/30/2021,LOC_Hilversum
18393,Sadie Jenkins,sadie.jenkins@monks.test,0,Talent Acquisition Manager,,,17922,10-01-2020,3/31/2021,LOC_Hilversum
18687,Eloy Hagenes,eloy.hagenes@monks.test,0,Lead Solutions Architect,,,17955,10-04-2020,05-11-2021,LOC_New York
18886,Kip Schaden,kip.schaden@monks.test,0,Financial Administrator,,,18072,11-01-2020,4/30/2021,LOC_Hilversum
18871,Kira Corwin,kira.corwin@monks.test,0,Senior Financial Controller,,,18092,11/15/2020,7/31/2021,LOC_Hilversum
19080,Kip Shields,kip.shields@monks.test,0,Influencer Development Intern,,,18176,01-01-2021,1/15/2021,LOC_Amsterdam
19072,Kirk Beahan,kirk.beahan@monks.test,0,Influencer Developer,,,18176,05-06-2019,4/30/2021,LOC_Amsterdam
18782,Elsa Cormier,elsa.cormier@monks.test,0,Head of Campaign Management,,,18178,01-01-2021,4/16/2021,LOC_New York
19082,Kip Stracke,kip.stracke@monks.test,0,Influencer Manager Intern,,,18178,01-01-2021,1/31/2021,LOC_Amsterdam
19077,Kip Schuppe,kip.schuppe@monks.test,0,Influencer Manager,,,18178,09-01-2018,3/31/2021,LOC_Amsterdam
19078,Kirk Herman,kirk.herman@monks.test,0,Digital Marketing Intern,,,18183,01-01-2021,1/31/2021,LOC_Amsterdam
19383,Nicolas Schultz,nicolas.schultz@monks.test,0,Technical Artist,,,18402,12-01-2020,7/31/2021,LOC_Noida
19395,Nicolas Quitzon,nicolas.quitzon@monks.test,0,Pipeline Manager,,,18402,10-12-2020,6/30/2021,LOC_Noida
18496,Nicolas Kovacek,nicolas.kovacek@monks.test,0,Growth Monk,,,18406,10-06-2020,6/28/2021,LOC_Noida
18719,Else Effertz,else.effertz@monks.test,0,Supervising Producer / Broadcast,,,18634,10/19/2020,3/16/2021,LOC_New York
18738,Elody Heller,elody.heller@monks.test,0,Finance Specialist,,,18651,11-02-2020,09-01-2021,LOC_Los Angeles - Abbot Kinney
18850,Georgianna Skiles,georgianna.skiles@monks.test,0,Growth Monk,,,19036,9/30/2020,5/28/2021,LOC_Shanghai
19083,Kolby Jones,kolby.jones@monks.test,0,Influencer Marketing Campaign Management Intern,,,19069,9/30/2020,2/25/2021,LOC_Amsterdam
19081,Kolby Kunde,kolby.kunde@monks.test,0,Influencer Manager Intern,,,19069,01-01-2021,1/31/2021,LOC_Amsterdam
51779,Milan Ryan,milan.ryan@monks.test,0,DevOps Engineer,,,51488,06-01-2022,07-12-2024,LOC_Cali
51878,Alana Boehm,alana.boehm@monks.test,0,Engineering Manager,,,51874,12-12-2022,07-02-2024,LOC_Canada Remote PEO
41051,Dave Grady,dave.grady@monks.test,0,"Executive Director, Account Management",,,12207,12-09-2022,4/15/2024,LOC_US Remote
41034,Cleta Will,cleta.will@monks.test,0,"Manager, Public Figures",,,13007,9/20/2021,04-05-2024,LOC_US Remote
41101,Cleta King,cleta.king@monks.test,0,Motion Designer,,,13079,8/13/2020,3/22/2024,LOC_US Remote
32071,Pasquale Shanahan,pasquale.shanahan@monks.test,1,Prototype Technician,,,17239,4/26/2024,,LOC_São Paulo
41088,Cora Thiel,cora.thiel@monks.test,0,"Manager, Integrated Marketing",,,18785,12-07-2021,04-12-2024,LOC_US Remote
41076,Daisha Toy,daisha.toy@monks.test,0,"Senior Manager, Social Operations",,,20187,03-01-2023,,LOC_US Remote
41028,Danika Kub,danika.kub@monks.test,0,"Senior Manager, Racial Justice & DEI",,,20187,03-01-2023,,LOC_US Remote
41074,Craig Bins,craig.bins@monks.test,0,Social Marketing Operations Manager,,,20187,01-12-2021,,LOC_US Remote
41009,Cora Hoppe,cora.hoppe@monks.test,0,Senior Creative Producer,,,20187,05-07-2023,,LOC_US Remote
41103,Curt Kutch,curt.kutch@monks.test,0,"Associate Director, Analytics & Insights",,,20187,12-09-2022,,LOC_US Remote
41010,Clare Ward,clare.ward@monks.test,0,"Senior Director, Trends Social",,,20187,02-03-2021,,LOC_US Remote
41073,Clark Cole,clark.cole@monks.test,0,"Senior Manager, Social Media Marketing Outreach",,,20187,02-05-2022,,LOC_US Remote
27602,Ian Mraz,ian.mraz@monks.test,0,Senior QA Analyst,,,26215,5/30/2022,,LOC_Montevideo
51412,Timmy Yost,timmy.yost@monks.test,1,VP of Human Resources,,,26297,2/22/2022,,LOC_US Remote
51750,Kira Block,kira.block@monks.test,1,People Care Analyst,,,27519,10-04-2017,,LOC_Bogota
51749,Lea Cronin,lea.cronin@monks.test,1,People Care Assistant,,,27519,12/22/2021,,LOC_Bogota
51953,Keven Funk,keven.funk@monks.test,1,People Experience Specialist,,,27519,10/28/2019,,LOC_Medellin
51752,Kari Mertz,kari.mertz@monks.test,1,People Experience Specialist,,,27519,7/25/2022,,LOC_Bogota
51753,Nolan Bins,nolan.bins@monks.test,1,People Experience Specialist,,,27519,8/24/2020,,LOC_Bogota
51414,Addie Ferry,addie.ferry@monks.test,1,Chief Operating Officer,,,30144,04-01-2024,,LOC_US Remote
51531,Jaren Dare,jaren.dare@monks.test,1,Chief Finance Officer,,,30144,12-07-2005,,LOC_Bogota
51415,Alisa Johns,alisa.johns@monks.test,1,"President, Formula Consultants Inc.",,,30144,04-01-1979,,LOC_US Remote
51356,Vergie Von,vergie.von@monks.test,1,Consultant,,,30144,05-01-2024,,LOC_US Remote
51413,Allie Terry,allie.terry@monks.test,1,Chief Growth Officer,,,30144,07-01-2022,,LOC_US Remote
51416,Troy Thiel,troy.thiel@monks.test,1,Senior Partner,,,30144,6/18/2018,,LOC_US Remote
51298,Adele Kunze,adele.kunze@monks.test,1,Executive Assistant,,,30144,2/13/2023,,LOC_US Remote
51336,Trey Borer,trey.borer@monks.test,1,VP of Corporate Strategy,,,30144,09-04-2019,,LOC_US Remote
51337,Ally Cronin,ally.cronin@monks.test,1,Chief Revenue Officer,,,30144,09-03-2012,,LOC_US Remote
51019,Dustin Berge,dustin.berge@monks.test,1,VP Realization,,,30144,10/15/2011,,LOC_Argentina Remote
51479,Lia Marvin,lia.marvin@monks.test,1,Chief Integration Officer,,,30144,11-04-2008,,LOC_Barranquilla
51887,River Cole,river.cole@monks.test,0,Mobile Manager,,,31810,01-08-2019,8/13/2024,LOC_Medellin
51063,Ephraim Gislason,ephraim.gislason@monks.test,1,Recruitment Manager,,,31858,2/15/2021,,LOC_Brazil Remote
51307,King Conn,king.conn@monks.test,1,Talent Operations Manager,,,31858,10-04-2021,,LOC_US Remote
51602,Jovan Bins,jovan.bins@monks.test,1,Talent Discovery Director,,,31858,8/15/2019,,LOC_Bogota
31990,Tobin Mraz,tobin.mraz@monks.test,1,Senior Consultant,,,31963,08-12-2024,,LOC_US Remote
41007,Dana Kiehn,dana.kiehn@monks.test,0,"Manager, Account Management",,,41019,10/25/2021,3/13/2024,LOC_US Remote
41066,Clay Morar,clay.morar@monks.test,0,Copywriter,,,41045,10-10-2022,,LOC_US Remote
51302,Taya Marks,taya.marks@monks.test,1,Engineering Manager,,,51019,09-05-2023,,LOC_US Remote
51034,Felipa Sipes,felipa.sipes@monks.test,1,Senior Engineering Manager,,,51020,9/21/2020,,LOC_Argentina Remote
51446,Abbey Mertz,abbey.mertz@monks.test,1,Senior Engineering Manager,,,51020,01-10-2022,,LOC_US Remote
51853,Adela Crist,adela.crist@monks.test,1,Staff Engineer,,,51020,01-09-2018,,LOC_Canada Remote PEO
51035,Florencio Ledner,florencio.ledner@monks.test,1,Associate Director of Engineering,,,51020,03-01-2017,,LOC_Argentina Remote
51423,Alvena Lang,alvena.lang@monks.test,1,Software Engineer,,,51032,2/27/2023,,LOC_US Remote
51767,Abel Hamill,abel.hamill@monks.test,1,Team Lead,,,51032,10/18/2021,,LOC_Brazil Remote PEO
51066,Gabrielle Mayert,gabrielle.mayert@monks.test,1,Software Engineer,,,51032,07-04-2022,,LOC_Brazil Remote
51018,Einar Kohler,einar.kohler@monks.test,1,Lead Engineer,,,51032,12-03-2018,,LOC_Argentina Remote
51312,Anibal Funk,anibal.funk@monks.test,1,Software Engineer,,,51034,09-01-2021,,LOC_US Remote
51763,Steve Mann,steve.mann@monks.test,1,Software Engineer,,,51034,12/19/2022,,LOC_Brazil Remote PEO
31974,Leann Rau,leann.rau@monks.test,1,Cloud Azure Security Engineer,,,51034,08-01-2024,,LOC_Canada Remote PEO
31873,Emelia Lueilwitz,emelia.lueilwitz@monks.test,1,IT Security Support Engineer,,,51034,05-06-2024,,LOC_Brazil Remote
51243,Dwight Bergstrom,dwight.bergstrom@monks.test,1,Software Engineer,,,51034,04-05-2021,,LOC_Uruguay Remote
51426,Zoila King,zoila.king@monks.test,1,Solutions Architect,,,51034,01-03-2023,,LOC_US Remote
51340,Thad Olson,thad.olson@monks.test,1,Software Engineer,,,51034,06-01-2021,,LOC_US Remote
51071,Emiliano Rice,emiliano.rice@monks.test,1,Engineering Manager,,,51035,5/25/2022,,LOC_Brazil Remote
51032,Flossie Bernhard,flossie.bernhard@monks.test,1,Lead Engineer,,,51035,06-05-2023,,LOC_Argentina Remote
51154,Ezequiel D'Amore,ezequiel.d'amore@monks.test,1,Engineering Manager,,,51035,5/23/2022,,LOC_Costa Rica Remote
51255,Everett Gottlieb,everett.gottlieb@monks.test,1,Software Engineer,,,51035,11-01-2021,,LOC_Zimbabwe Remote
51442,Tyrel Haag,tyrel.haag@monks.test,1,Team Lead,,,51035,03-12-2018,,LOC_US Remote
51031,Earline Kunze,earline.kunze@monks.test,1,Lead Engineer,,,51035,7/15/2019,,LOC_Argentina Remote
51466,Alexa Runte,alexa.runte@monks.test,1,Engineering Manager,,,51035,02-08-2021,,LOC_US Remote
51846,Tate Crist,tate.crist@monks.test,1,Lead Engineer,,,51035,11-12-2018,,LOC_Canada Remote PEO
51666,Otilia Fay,otilia.fay@monks.test,1,OTT Developer,,,51036,4/26/2021,,LOC_Bogota
51799,Levi Kiehn,levi.kiehn@monks.test,1,Front-end Developer,,,51036,12/14/2020,,LOC_Cali
51929,Nico Tromp,nico.tromp@monks.test,1,Front-end Developer,,,51036,12-09-2019,,LOC_Medellin
51718,Oren Weber,oren.weber@monks.test,1,Test Automation Engineer,,,51036,9/27/2021,,LOC_Bogota
51494,Kyle Ortiz,kyle.ortiz@monks.test,1,Front-end Developer,,,51036,04-01-2020,,LOC_Barranquilla
51198,Eino Fadel,eino.fadel@monks.test,1,Front-end Developer,,,51036,4/18/2022,,LOC_Peru Remote
51927,Roman Lind,roman.lind@monks.test,1,Front-end Developer,,,51036,9/22/2021,,LOC_Medellin
51669,Rae Cronin,rae.cronin@monks.test,1,Front-end Developer,,,51036,02-01-2022,,LOC_Bogota
51796,Ola Walker,ola.walker@monks.test,1,Front-end Developer,,,51036,04-12-2021,,LOC_Cali
51163,Eric Hackett,eric.hackett@monks.test,1,QA Engineer,,,51044,04-03-2023,,LOC_Costa Rica Remote
51670,Kyra Hoppe,kyra.hoppe@monks.test,1,Front-end Developer,,,51044,2/18/2021,,LOC_Bogota
51801,Rosie Lang,rosie.lang@monks.test,1,Test Automation Engineer,,,51044,07-08-2021,,LOC_Cali
51040,Erik Kunze,erik.kunze@monks.test,1,Front-end Developer,,,51044,05-02-2022,,LOC_Bolivia Remote
51740,Kayli Hane,kayli.hane@monks.test,1,Java Developer,,,51044,11/22/2021,,LOC_Bogota
51715,Oren Kutch,oren.kutch@monks.test,1,Test Automation Engineer,,,51044,06-01-2019,,LOC_Bogota
51716,Nelle Mraz,nelle.mraz@monks.test,1,Test Automation Engineer,,,51044,9/25/2017,,LOC_Bogota
51717,Rita Jones,rita.jones@monks.test,1,Test Automation Engineer,,,51044,09-04-2020,,LOC_Bogota
51737,Joanny Fay,joanny.fay@monks.test,1,.Net Developer,,,51044,3/27/2023,,LOC_Bogota
51941,Kaci Lemke,kaci.lemke@monks.test,0,Test Automation Engineer,,,51044,5/26/2020,,LOC_Medellin
51665,Lila Mertz,lila.mertz@monks.test,1,Front-end Developer,,,51044,9/30/2021,,LOC_Bogota
51928,Judy Ratke,judy.ratke@monks.test,1,Front-end Developer,,,51044,5/14/2020,,LOC_Medellin
51671,Jose Bruen,jose.bruen@monks.test,1,Front-end Developer,,,51044,8/28/2020,,LOC_Bogota
51028,Evalyn Hills,evalyn.hills@monks.test,1,Delivery Lead,,,51063,6/13/2022,,LOC_Argentina Remote
51027,Frederik Hackett,frederik.hackett@monks.test,1,Technical Recruiter,,,51063,05-09-2022,,LOC_Argentina Remote
51025,Dianna Hermiston,dianna.hermiston@monks.test,1,Technical Recruiter,,,51063,6/20/2022,,LOC_Argentina Remote
51002,Fleta Hirthe,fleta.hirthe@monks.test,0,Technical Recruiter,,,51063,1/31/2022,,LOC_Argentina Remote
51026,Florence Koelpin,florence.koelpin@monks.test,1,Technical Recruiter,,,51063,5/30/2022,,LOC_Argentina Remote
51024,Gabrielle Little,gabrielle.little@monks.test,1,Team Lead,,,51071,12/17/2018,,LOC_Argentina Remote
51150,Florencio Paucek,florencio.paucek@monks.test,1,Software Engineer,,,51071,1/13/2021,,LOC_Costa Rica Remote
51023,Esperanza Miller,esperanza.miller@monks.test,1,Lead Engineer,,,51071,02-05-2018,,LOC_Argentina Remote
51832,Thea Ortiz,thea.ortiz@monks.test,1,QA Engineer,,,51071,6/29/2021,,LOC_Canada Remote PEO
51427,Wyatt Lang,wyatt.lang@monks.test,1,Software Engineer,,,51071,07-01-2007,,LOC_US Remote
51022,Gene Cruickshank,gene.cruickshank@monks.test,1,Software Engineer,,,51071,06-07-2021,,LOC_Argentina Remote
51341,Aglae Crist,aglae.crist@monks.test,1,Lead QA Engineer,,,51071,12-07-2020,,LOC_US Remote
51174,Ethyl Rutherford,ethyl.rutherford@monks.test,1,Software Engineer,,,51071,5/23/2022,,LOC_Gambia Remote
51074,Felicita Thiel,felicita.thiel@monks.test,1,Software Engineer,,,51154,5/30/2022,,LOC_Brazil Remote
51192,Garrison Strosin,garrison.strosin@monks.test,1,Software Engineer,,,51154,3/25/2024,,LOC_Nigeria Remote
51155,Domingo Gottlieb,domingo.gottlieb@monks.test,1,Software Engineer,,,51154,6/20/2022,,LOC_Costa Rica Remote
51764,Tina Hyatt,tina.hyatt@monks.test,1,Software Engineer,,,51154,12-12-2022,,LOC_Brazil Remote PEO
51098,Eriberto Stracke,eriberto.stracke@monks.test,1,Data Analyst,,,51154,11-07-2022,,LOC_Canada Remote
51073,Estel Bartoletti,estel.bartoletti@monks.test,1,Software Engineer,,,51154,12/20/2021,,LOC_Brazil Remote
51848,Abner Feest,abner.feest@monks.test,1,Team Lead,,,51154,8/23/2021,,LOC_Canada Remote PEO
51461,Turner Rau,turner.rau@monks.test,1,Software Engineer,,,51154,07-03-2019,,LOC_US Remote
51184,Dianna Bashirian,dianna.bashirian@monks.test,1,Software Engineer,,,51154,04-04-2022,,LOC_Moldova
51180,Dylan Vandervort,dylan.vandervort@monks.test,1,Software Engineer,,,51154,8/30/2021,,LOC_Kenya Remote
51225,Eugenia Turcotte,eugenia.turcotte@monks.test,1,Software Engineer,,,51154,6/13/2022,,LOC_Uganda Remote
51847,Toy Harber,toy.harber@monks.test,1,QA Engineer,,,51154,6/27/2022,,LOC_Canada Remote PEO
51175,Domenick Langosh,domenick.langosh@monks.test,1,Product Manager,,,51186,01-10-2022,,LOC_Germany Remote
51003,Elsa Heidenreich,elsa.heidenreich@monks.test,1,Agile Coach,,,51186,2/28/2022,,LOC_Argentina Remote
51966,Alvena Rowe,alvena.rowe@monks.test,1,Agile Coach,,,51186,05-09-2023,,LOC_United Kingdom PEO
51970,Ally Corwin,ally.corwin@monks.test,1,Program Manager,,,51186,7/17/2023,,LOC_United Kingdom PEO
51550,Lila Grady,lila.grady@monks.test,1,Creative Designer,,,51215,5/23/2022,,LOC_Bogota
51553,Joey Mante,joey.mante@monks.test,1,Creative Designer,,,51215,05-04-2022,,LOC_Bogota
51569,Larue Wolf,larue.wolf@monks.test,1,Creative Designer,,,51215,9/20/2021,,LOC_Bogota
51574,Laurie Von,laurie.von@monks.test,1,Creative Designer,,,51215,05-03-2022,,LOC_Bogota
51579,Reid Kunze,reid.kunze@monks.test,1,Creative Designer,,,51215,07-05-2022,,LOC_Bogota
51483,Otho Hauck,otho.hauck@monks.test,1,Creative Designer,,,51215,05-09-2022,,LOC_Barranquilla
51247,Era Pouros,era.pouros@monks.test,1,Creative Designer,,,51215,05-12-2022,,LOC_Venezuela
51849,Vernon Toy,vernon.toy@monks.test,0,Program Manager,,,51221,10-03-2022,08-06-2024,LOC_Canada Remote PEO
51433,Adell White,adell.white@monks.test,1,Program Manager,,,51221,07-10-2023,,LOC_US Remote
51443,Angel Tromp,angel.tromp@monks.test,1,Program Director,,,51221,10/18/2021,,LOC_US Remote
51857,Vita Mayer,vita.mayer@monks.test,1,Product Engineering Strategist,,,51237,2/28/2023,,LOC_Canada Remote PEO
51858,Adelia Rowe,adelia.rowe@monks.test,1,Principal Consultant,,,51237,4/16/2020,,LOC_Canada Remote PEO
51451,Sonia Wiza,sonia.wiza@monks.test,1,Program Director,,,51237,4/23/2018,,LOC_US Remote
51364,Aglae Grant,aglae.grant@monks.test,1,Senior Consultant,,,51237,10/25/2022,,LOC_US Remote
51452,Vilma Koss,vilma.koss@monks.test,1,Principal Consultant,,,51237,10-10-2023,,LOC_US Remote
51439,Urban Howe,urban.howe@monks.test,1,Product Manager,,,51237,8/15/2022,,LOC_US Remote
31841,Alta Russel,alta.russel@monks.test,1,Senior Consultant,,,51237,06-10-2024,,LOC_Canada Remote PEO
51856,Tomas Yost,tomas.yost@monks.test,1,Consultant,,,51237,04-08-2024,,LOC_Canada Remote PEO
31963,Adrian Rath,adrian.rath@monks.test,1,Principal Consultant,,,51237,08-06-2024,,LOC_Canada Remote
51186,Fletcher Corkery,fletcher.corkery@monks.test,1,Senior Consultant,,,51237,07-05-2023,,LOC_Netherlands Remote
51234,Alek Murray,alek.murray@monks.test,1,Agile Coach,,,51237,02-07-2022,,LOC_US Remote
51351,Amya Hudson,amya.hudson@monks.test,1,Payroll Manager,,,51284,03-01-2023,,LOC_US Remote
51464,Wava Ferry,wava.ferry@monks.test,1,Human Resources Business Partner,,,51284,11-07-2022,,LOC_US Remote
31847,Amir Maggio,amir.maggio@monks.test,1,Client Experience Coordinator,,,51299,4/30/2024,,LOC_US Remote
51122,Florencio Murray,florencio.murray@monks.test,1,Software Engineer,,,51302,4/25/2022,,LOC_Costa Rica Remote
51239,Eino Schamberger,eino.schamberger@monks.test,1,Software Engineer,,,51302,12/13/2021,,LOC_Uruguay Remote
51095,Easton Marquardt,easton.marquardt@monks.test,1,Software Engineer,,,51302,10/25/2021,,LOC_Bulgaria Remote
51048,Florian Jacobson,florian.jacobson@monks.test,1,Software Engineer,,,51302,5/30/2022,,LOC_Brazil Remote
51817,Alaina Hahn,alaina.hahn@monks.test,1,QA Engineer,,,51302,10/18/2021,,LOC_Canada Remote PEO
51049,Durward Champlin,durward.champlin@monks.test,1,Lead Engineer,,,51302,3/20/2023,,LOC_Brazil Remote
51818,Alda Wisozk,alda.wisozk@monks.test,1,Software Engineer,,,51302,10/17/2022,,LOC_Canada Remote PEO
51123,Felipe Dickinson,felipe.dickinson@monks.test,1,Lead QA Engineer,,,51302,9/13/2021,,LOC_Costa Rica Remote
51213,Ewell Jakubowski,ewell.jakubowski@monks.test,1,Lead QA Engineer,,,51302,06-12-2023,,LOC_Poland Remote
51240,Garrett Hartmann,garrett.hartmann@monks.test,1,Software Engineer,,,51302,10-12-2022,,LOC_Uruguay Remote
51046,Frederic Kreiger,frederic.kreiger@monks.test,0,Software Engineer,,,51302,05-02-2022,,LOC_Brazil Remote
51183,Elfrieda Kovacek,elfrieda.kovacek@monks.test,1,Software Engineer,,,51302,3/28/2022,,LOC_Mexico Remote
51045,Eleanore Bartell,eleanore.bartell@monks.test,1,Software Engineer,,,51302,07-04-2022,,LOC_Brazil Remote
51962,Allan Robel,allan.robel@monks.test,1,Software Engineer,,,51302,10/24/2022,,LOC_Spain Remote PEO
51189,Floy Carroll,floy.carroll@monks.test,1,Lead Engineer,,,51302,07-08-2021,,LOC_Nigeria Remote
51177,Dolores Jacobson,dolores.jacobson@monks.test,1,Software Engineer,,,51302,4/18/2022,,LOC_Guatemala Remote
51047,Elmira Marquardt,elmira.marquardt@monks.test,1,Software Engineer,,,51302,4/25/2022,,LOC_Brazil Remote
51181,Dimitri Lubowitz,dimitri.lubowitz@monks.test,1,DevOps Engineer,,,51302,10-12-2015,,LOC_Lithuania Remote
51310,Ena Doyle,ena.doyle@monks.test,1,Delivery Lead,,,51307,6/21/2021,,LOC_US Remote
51331,Gus Olson,gus.olson@monks.test,1,Recruiter,,,51307,10/28/2020,,LOC_US Remote
51407,Hugh Kihn,hugh.kihn@monks.test,1,Corporate Recruiter,,,51307,1/30/2023,,LOC_US Remote
51408,Emmy Ward,emmy.ward@monks.test,1,Corporate Recruiter,,,51307,07-12-2023,,LOC_US Remote
51301,Amparo Cole,amparo.cole@monks.test,1,Senior Accountant,,,51318,9/21/2022,,LOC_US Remote
51230,Elena Bins,elena.bins@monks.test,1,Assistant Controller,,,51318,12/26/2022,,LOC_US Remote
31844,Sunny Lind,sunny.lind@monks.test,1,Senior Accountant,,,51318,07-02-2024,,LOC_Canada Remote PEO
51231,Vito Nolan,vito.nolan@monks.test,0,Senior Accountant,,,51318,2/14/2024,,LOC_US Remote
51256,Abdul O'Kon,abdul.o'kon@monks.test,1,Business Development Representative,,,51319,2/26/2024,,LOC_San Francisco
31846,Amie Beahan,amie.beahan@monks.test,1,Business Development Representative,,,51319,07-08-2024,,LOC_San Francisco
31829,Alvis Yundt,alvis.yundt@monks.test,1,Account Executive,,,51319,4/29/2024,,LOC_San Francisco
51375,Terry Kuhn,terry.kuhn@monks.test,1,Account Executive,,,51319,04-02-2024,,LOC_San Francisco
51292,Alda O'Hara,alda.o'hara@monks.test,1,Business Development Representative,,,51319,2/26/2024,,LOC_San Francisco
51374,Alexa Boyer,alexa.boyer@monks.test,1,Account Executive,,,51319,2/26/2024,,LOC_San Francisco
51852,Vada Frami,vada.frami@monks.test,1,Product Designer,,,51333,06-06-2022,,LOC_Canada Remote PEO
51766,Willa Kuhn,willa.kuhn@monks.test,1,Product Designer,,,51333,02-01-2021,,LOC_Brazil Remote PEO
51346,Amy Reichel,amy.reichel@monks.test,1,Lead Product Designer,,,51333,12-09-2019,,LOC_US Remote
51693,Lynn O'Kon,lynn.o'kon@monks.test,1,Design Manager,,,51333,08-12-2019,,LOC_Bogota
51885,Akeem Bauch,akeem.bauch@monks.test,1,Product Designer,,,51333,4/18/2022,,LOC_Costa Rica Remote PEO
51445,Tom Schumm,tom.schumm@monks.test,1,Design Manager,,,51333,9/26/2022,,LOC_US Remote
51339,Alek Wisoky,alek.wisoky@monks.test,1,Technical Delivery Manager,,,51337,08-09-2018,,LOC_US Remote
51401,Kole Veum,kole.veum@monks.test,1,Infrastructure Engineer,,,51337,8/28/2023,,LOC_US Remote
51328,Fae Boyer,fae.boyer@monks.test,1,SA Senior Technical Writer,,,51337,10-02-2023,,LOC_US Remote
51013,Ernesto Prosacco,ernesto.prosacco@monks.test,1,Back End Engineer,,,51337,11/21/2022,,LOC_Argentina Remote
51398,Jena Will,jena.will@monks.test,1,Senior Software Engineer,,,51337,08-01-2022,,LOC_US Remote
51268,Eric Beer,eric.beer@monks.test,1,Senior Software Engineer,,,51337,4/19/2023,,LOC_US Remote
51304,Verner Orn,verner.orn@monks.test,1,Web Developer,,,51337,5/16/2022,,LOC_US Remote
51388,Kirk Auer,kirk.auer@monks.test,1,SA UX Writer,,,51337,10/23/2023,,LOC_US Remote
51391,Ila Borer,ila.borer@monks.test,1,SA Software Engineer,,,51337,09-11-2023,,LOC_US Remote
51057,Eileen Gleichner,eileen.gleichner@monks.test,1,SA Backend Engineer,,,51337,03-04-2024,,LOC_Brazil Remote
51293,Ivy Lynch,ivy.lynch@monks.test,1,Production Designer,,,51337,4/15/2024,,LOC_US Remote
51271,Lera Huel,lera.huel@monks.test,1,Sr. Data Quality Developer,,,51337,5/23/2023,,LOC_US Remote
51054,Frieda Wilderman,frieda.wilderman@monks.test,1,Cloud Solutions Engineer,,,51337,01-03-2024,,LOC_Brazil Remote
51330,Gage Batz,gage.batz@monks.test,1,Senior Site Reliability Engineer,,,51337,01-12-2021,,LOC_US Remote
51052,Genoveva Friesen,genoveva.friesen@monks.test,1,Fullstack Engineer,,,51337,10/16/2023,,LOC_Brazil Remote
51396,Ezra Wolf,ezra.wolf@monks.test,0,Sr. Frontend Engineer,,,51337,2/20/2023,8/20/2024,LOC_US Remote
31868,Kira Kuhn,kira.kuhn@monks.test,1,Salesforce Administrator,,,51337,5/28/2024,,LOC_US Remote
51392,Eve Lakin,eve.lakin@monks.test,1,"Manager, Marketing",,,51337,12/18/2023,,LOC_US Remote
51014,Dorris Daugherty,dorris.daugherty@monks.test,1,Senior Backend Engineer,,,51337,2/13/2023,,LOC_Argentina Remote
51115,Domenico Hermann,domenico.hermann@monks.test,1,Senior Backend Engineer,,,51337,2/27/2024,,LOC_Colombia Remote
31843,Gay Sipes,gay.sipes@monks.test,1,UX Designer,,,51337,7/29/2024,,LOC_US Remote
51017,Faustino Gerlach,faustino.gerlach@monks.test,1,DevOps Engineer,,,51337,10/31/2022,,LOC_Argentina Remote
51285,Leon Rice,leon.rice@monks.test,0,Business Process Analyst,,,51337,11-03-2022,,LOC_US Remote
51125,Frankie Beahan,frankie.beahan@monks.test,1,QA Analyst,,,51337,03-04-2024,,LOC_Costa Rica Remote
51265,Eva Berge,eva.berge@monks.test,1,SA Jr. Data Analyst,,,51337,08-09-2023,,LOC_US Remote
51008,Elva Bartell,elva.bartell@monks.test,1,Sr NodeJS Engineer,,,51337,02-07-2022,,LOC_Argentina Remote
51050,Evan Kuhlman,evan.kuhlman@monks.test,1,Senior Full Stack Developer,,,51337,7/25/2022,,LOC_Brazil Remote
51037,Friedrich Beatty,friedrich.beatty@monks.test,1,Marketing Product Coordinator,,,51337,10-02-2023,,LOC_Argentina Remote
31918,Eva Ratke,eva.ratke@monks.test,1,Sr. Business Data Analyst,,,51337,6/17/2024,,LOC_US Remote
51016,Estefania Gibson,estefania.gibson@monks.test,1,SA Software Engineer,,,51337,09-05-2023,,LOC_Argentina Remote
51141,Edwin McCullough,edwin.mccullough@monks.test,1,DevOps Engineer,,,51337,3/18/2024,,LOC_Costa Rica Remote
31751,Kip Dicki,kip.dicki@monks.test,1,UI Software Engineer,,,51337,4/22/2024,,LOC_US Remote
51140,Ernestina Fisher,ernestina.fisher@monks.test,1,SA QA Engineer,,,51337,9/27/2023,,LOC_Costa Rica Remote
31904,Eliseo Schneider,eliseo.schneider@monks.test,1,Senior Backend Engineer,,,51337,5/13/2024,,LOC_Costa Rica Remote
51385,Hal Ebert,hal.ebert@monks.test,1,SA Technical Producer,,,51337,12-04-2023,,LOC_US Remote
51354,Ella Haag,ella.haag@monks.test,1,Marketing Manager,,,51337,10-09-2023,,LOC_US Remote
31776,Gus White,gus.white@monks.test,1,Infrastructure Engineer,,,51337,4/23/2024,,LOC_US Remote
51129,Francesca Ledner,francesca.ledner@monks.test,1,SA Backend Engineer,,,51337,04-01-2024,,LOC_Costa Rica Remote
21752,Kyra Kihn,kyra.kihn@monks.test,1,Senior Producer,,,51337,4/15/2024,5/18/2022,LOC_US Remote
51469,Amely Kuhic,amely.kuhic@monks.test,1,"VP, Products and Services",,,51337,5/13/2022,,LOC_US Remote
51288,Emma Huel,emma.huel@monks.test,1,SA Program Manager,,,51337,09-12-2023,,LOC_US Remote
51258,Leon Lind,leon.lind@monks.test,1,Quality Analyst,,,51337,11/29/2021,,LOC_US Remote
51005,Genoveva Stracke,genoveva.stracke@monks.test,1,Senior Embedded Engineer,,,51337,6/21/2022,,LOC_Argentina Remote
51353,Alfred Ward,alfred.ward@monks.test,1,"Senior Director, Brand & Content Strategy",,,51337,01-08-2024,,LOC_Bellevue
51145,Emelie Abernathy,emelie.abernathy@monks.test,1,SA Software Engineer,,,51337,2/19/2024,,LOC_Costa Rica Remote
31865,Itzel Kub,itzel.kub@monks.test,1,Production Designer,,,51337,5/13/2024,,LOC_US Remote
31893,Lon Jones,lon.jones@monks.test,1,Animator,,,51337,06-03-2024,,LOC_US Remote
51128,Elsie Wintheiser,elsie.wintheiser@monks.test,1,SA QA Engineer,,,51337,11-06-2023,,LOC_Costa Rica Remote
31905,Felicity Stracke,felicity.stracke@monks.test,1,QA Analyst,,,51337,5/28/2024,,LOC_Costa Rica Remote
31891,Keon Roob,keon.roob@monks.test,1,Placeholder Formula,,,51337,5/20/2024,,LOC_US Remote
51387,Liam Ryan,liam.ryan@monks.test,1,SA Communications Manager,,,51337,6/26/2023,,LOC_US Remote
51422,Twila Moen,twila.moen@monks.test,0,VP of Marketing,,,51337,5/22/2023,,LOC_US Remote
51007,Eugenia Mitchell,eugenia.mitchell@monks.test,1,Senior Full Stack Developer,,,51337,07-05-2022,,LOC_Argentina Remote
51277,Ken Nolan,ken.nolan@monks.test,1,Sr. Business Analyst,,,51337,01-03-2023,,LOC_US Remote
51264,Kaia Ward,kaia.ward@monks.test,1,SA Senior Machine Learning Engineer,,,51337,4/15/2024,,LOC_US Remote
51101,Dolly Jakubowski,dolly.jakubowski@monks.test,0,Hardware Engineer,,,51337,8/30/2023,,LOC_Chile Remote
51139,Felicia Cummings,felicia.cummings@monks.test,1,Fullstack Engineer,,,51337,8/21/2023,,LOC_Costa Rica Remote
51147,Elody Stiedemann,elody.stiedemann@monks.test,1,DevOps Engineer,,,51337,3/18/2024,,LOC_Costa Rica Remote
51131,Frederic Shields,frederic.shields@monks.test,1,SA Software Engineer,,,51337,10/30/2023,,LOC_Costa Rica Remote
31892,Kim Ebert,kim.ebert@monks.test,1,Product Manager,,,51337,05-08-2024,,LOC_US Remote
51262,Iva Zieme,iva.zieme@monks.test,1,Data Quality Analyst,,,51337,2/27/2024,,LOC_US Remote
51390,Ken Thiel,ken.thiel@monks.test,1,Product Manager,,,51337,1/23/2023,,LOC_US Remote
51274,John Wiza,john.wiza@monks.test,0,Sr. Data Engineer,,,51337,3/21/2022,,LOC_US Remote
51323,Ivy Thiel,ivy.thiel@monks.test,1,AV Engineer,,,51337,02-03-2020,,LOC_US Remote
51377,Lora Auer,lora.auer@monks.test,1,Technical Delivery Manager,,,51337,10-02-2023,,LOC_US Remote
51138,Federico Langosh,federico.langosh@monks.test,1,Sr. QA Engineer,,,51337,11/29/2023,,LOC_Costa Rica Remote
51142,Emilie Kertzmann,emilie.kertzmann@monks.test,1,Fullstack Engineer,,,51337,09-11-2023,,LOC_Costa Rica Remote
51143,Edison Greenholt,edison.greenholt@monks.test,1,Fullstack Engineer,,,51337,8/14/2023,,LOC_Costa Rica Remote
51267,Lera Dach,lera.dach@monks.test,1,Engineering Project Manager/Scrum Master,,,51337,2/14/2022,,LOC_US Remote
51004,Estrella Quigley,estrella.quigley@monks.test,1,Junior Designer,,,51337,2/13/2024,,LOC_Argentina Remote
51223,Donnie Rodriguez,donnie.rodriguez@monks.test,1,Video Editor,,,51337,9/25/2023,,LOC_Turkey Remote
51399,Gino Haag,gino.haag@monks.test,1,Sr. Business Analyst,,,51337,4/25/2022,,LOC_US Remote
51012,Evert Zemlak,evert.zemlak@monks.test,1,Software Engineer,,,51337,03-06-2023,,LOC_Argentina Remote
51273,Hans Koch,hans.koch@monks.test,0,UX/UI Designer,,,51337,01-03-2024,,LOC_US Remote
51227,Elda Mraz,elda.mraz@monks.test,0,Data Analyst,,,51337,12/13/2021,8/16/2024,LOC_US Remote
51384,June Wolf,june.wolf@monks.test,1,Business Process Analyst,,,51337,11/15/2021,,LOC_US Remote
51327,Gino Metz,gino.metz@monks.test,1,Sr. Business Analyst,,,51337,04-04-2023,,LOC_US Remote
51278,Lacy Hahn,lacy.hahn@monks.test,1,SA Senior Software Engineer,,,51337,04-10-2023,,LOC_US Remote
51127,Ewell Konopelski,ewell.konopelski@monks.test,1,SA QA Engineer,,,51337,10-09-2023,,LOC_Costa Rica Remote
51386,Leif West,leif.west@monks.test,1,QA Analyst,,,51337,4/17/2023,,LOC_US Remote
51261,Libby Rau,libby.rau@monks.test,1,Project Manager,,,51337,3/25/2024,,LOC_US Remote
51379,Esta Kris,esta.kris@monks.test,0,"SA Associate Director, Program Management (Product Marketing)",,,51337,1/16/2024,8/16/2024,LOC_US Remote
31917,Eve Doyle,eve.doyle@monks.test,1,Data Analyst,,,51337,06-04-2024,,LOC_US Remote
31853,Lonny Fay,lonny.fay@monks.test,1,Senior Producer,,,51337,6/24/2024,,LOC_Canada Remote
51964,Jayde Orn,jayde.orn@monks.test,1,Marketing Manager,,,51337,1/15/2024,,LOC_UK Remote PEO
51309,Era Frami,era.frami@monks.test,1,SA Program Manager,,,51337,01-03-2024,,LOC_US Remote
51325,Kay Kunde,kay.kunde@monks.test,0,SA Content Strategist Program Manager,,,51337,11/27/2023,,LOC_US Remote
51965,Lexi Haag,lexi.haag@monks.test,1,UI Software Engineer,,,51337,12-11-2023,,LOC_UK Remote PEO
51355,Kody Rice,kody.rice@monks.test,0,SA Business Analyst,,,51337,2/19/2024,,LOC_US Remote
51397,Lina Hahn,lina.hahn@monks.test,1,SA Program Manager,,,51337,10/16/2023,,LOC_US Remote
51132,Garry Schowalter,garry.schowalter@monks.test,1,Fullstack Engineer,,,51337,8/14/2023,,LOC_Costa Rica Remote
51294,Jed Grant,jed.grant@monks.test,1,Business Process Analyst,,,51337,11-01-2021,,LOC_US Remote
31930,Ila Moore,ila.moore@monks.test,1,Senior UX Writer,,,51337,7/22/2024,,LOC_US Remote
51236,Alanis West,alanis.west@monks.test,1,Social Media and Content Consultant,,,51337,04-01-2024,,LOC_US Remote
31848,Judy Rath,judy.rath@monks.test,1,Marketing Manager,,,51337,07-01-2024,,LOC_US Remote
51393,Jay Johns,jay.johns@monks.test,1,Software Engineer,,,51337,04-03-2023,,LOC_US Remote
51051,Elizabeth Hickle,elizabeth.hickle@monks.test,1,EIS Ecomm Dev,,,51337,08-01-2022,,LOC_Brazil Remote
31854,Gia Bosco,gia.bosco@monks.test,1,Production Designer,,,51337,5/13/2024,,LOC_US Remote
51259,Kim Ratke,kim.ratke@monks.test,1,Data Analyst,,,51337,3/15/2021,,LOC_US Remote
51229,Lane Wolf,lane.wolf@monks.test,1,SA Software Engineer,,,51337,3/25/2024,,LOC_US Remote
51421,Aimee Adams,aimee.adams@monks.test,1,Placeholder Formula,,,51337,06-01-2024,,LOC_US Remote
51376,Lela King,lela.king@monks.test,0,SA Sales Manager,,,51337,07-10-2023,,LOC_US Remote
31916,Eve Rohan,eve.rohan@monks.test,1,Head of Programming,,,51337,07-01-2024,,LOC_US Remote
51405,Lacy Mann,lacy.mann@monks.test,1,Sr. Business Analyst,,,51337,1/29/2024,,LOC_US Remote
51137,Evalyn VonRueden,evalyn.vonrueden@monks.test,1,SA Senior DevOps Engineer,,,51337,04-08-2024,,LOC_Costa Rica Remote
51269,Kyle West,kyle.west@monks.test,1,UX/UI Designer,,,51337,01-03-2023,,LOC_US Remote
51241,Efrain Thiel,efrain.thiel@monks.test,1,SA C++ Developer,,,51337,03-04-2024,,LOC_Uruguay Remote
51060,Elliott Kassulke,elliott.kassulke@monks.test,1,SA C++ Developer,,,51337,10-02-2023,,LOC_Brazil Remote
51006,Ellie Balistreri,ellie.balistreri@monks.test,1,Senior Full Stack Developer,,,51337,7/18/2022,,LOC_Argentina Remote
51136,Estell Lueilwitz,estell.lueilwitz@monks.test,1,SA Sr. Data Engineer,,,51337,04-08-2024,,LOC_Costa Rica Remote
51383,Elmo Beer,elmo.beer@monks.test,1,Global Program Support Analyst,,,51337,9/19/2023,,LOC_US Remote
51260,Erin Hahn,erin.hahn@monks.test,1,SA Associate Account Director,,,51337,1/29/2024,,LOC_US Remote
51324,Eve Bogan,eve.bogan@monks.test,1,SA Business Analyst,,,51337,03-11-2024,,LOC_US Remote
51275,Ida Dicki,ida.dicki@monks.test,1,SA Sr. Business Data Analyst,,,51337,11/27/2023,,LOC_US Remote
51378,Eli Nader,eli.nader@monks.test,1,Production Designer,,,51337,4/18/2024,,LOC_US Remote
51402,Lera Kris,lera.kris@monks.test,1,PSO Cloud Consultant,,,51337,03-01-2021,,LOC_US Remote
